{"actions":[],"apps":[{"acl":{"app":[],"field":[],"record":[]},"app":null,"category":{"categories":[],"useCategory":"false"},"form":{"layout":"[{\"id\":null,\"type\":\"ROW\",\"isSubTable\":false,\"var\":null,\"controlList\":[{\"label\":\"\\u003Cdiv\\u003E\\u003Cfont color=\\\"#ff0000\\\" size=\\\"2\\\"\\u003E※データを保存した段階では、下書きの状態になっています。\\u003C/font\\u003E\\u003C/div\\u003E\\u003Cdiv\\u003E\\u003Cfont color=\\\"#ff0000\\\" size=\\\"2\\\"\\u003E　上長に申請するときには「申請する」ボタンを押してください。\\u003C/font\\u003E\\u003C/div\\u003E\",\"styleMap\":{\"width\":422},\"formatted\":\"\\u003Cdiv\\u003E\\u003Cfont color=\\\"#ff0000\\\" size=\\\"2\\\"\\u003E※データを保存した段階では、下書きの状態になっています。\\u003C/font\\u003E\\u003C/div\\u003E\\u003Cdiv\\u003E\\u003Cfont color=\\\"#ff0000\\\" size=\\\"2\\\"\\u003E　上長に申請するときには「申請する」ボタンを押してください。\\u003C/font\\u003E\\u003C/div\\u003E\",\"type\":\"LABEL\"}]},{\"id\":null,\"type\":\"ROW\",\"isSubTable\":false,\"var\":null,\"controlList\":[{\"isVirtical\":true,\"styleMap\":{\"width\":193},\"type\":\"SINGLE_LINE_TEXT\",\"var\":\"文字列__1行_\",\"label\":\"タイトル\"},{\"isVirtical\":true,\"styleMap\":{\"width\":196},\"type\":\"CREATED_AT\",\"var\":\"作成日時\",\"label\":\"申請日\"}]},{\"id\":null,\"type\":\"ROW\",\"isSubTable\":false,\"var\":null,\"controlList\":[{\"isVirtical\":true,\"styleMap\":{\"width\":136},\"type\":\"CREATOR\",\"var\":\"申請者\",\"label\":\"申請者\"},{\"isVirtical\":true,\"styleMap\":{\"width\":193},\"type\":\"DECIMAL\",\"var\":\"数値\",\"label\":\"社員番号\"},{\"isVirtical\":true,\"styleMap\":{\"width\":196},\"type\":\"SINGLE_SELECT\",\"var\":\"ドロップダウン\",\"label\":\"所属部署\"},{\"isVirtical\":true,\"styleMap\":{\"width\":344},\"type\":\"USER_SELECT\",\"var\":\"承認者\",\"label\":\"承認者\"}]},{\"id\":null,\"type\":\"ROW\",\"isSubTable\":false,\"var\":null,\"controlList\":[{\"isVirtical\":true,\"styleMap\":{\"width\":315},\"type\":\"SINGLE_LINE_TEXT\",\"var\":\"出張先\",\"label\":\"出張先\"},{\"isVirtical\":true,\"styleMap\":{\"width\":117},\"type\":\"DATE\",\"var\":\"出発\",\"label\":\"期間（出発）\"},{\"label\":\"\\u003Cdiv\\u003E\\u003Cbr /\\u003E\\u003C/div\\u003E\\u003Cdiv\\u003E〜\\u003C/div\\u003E\",\"styleMap\":{\"width\":46},\"formatted\":\"\\u003Cdiv\\u003E\\u003Cbr\\u003E\\u003C/div\\u003E\\u003Cdiv\\u003E〜\\u003C/div\\u003E\",\"type\":\"LABEL\"},{\"isVirtical\":true,\"styleMap\":{\"width\":117},\"type\":\"DATE\",\"var\":\"帰着\",\"label\":\"期間（帰着）\"}]},{\"id\":null,\"type\":\"ROW\",\"isSubTable\":false,\"var\":null,\"controlList\":[{\"isVirtical\":true,\"styleMap\":{\"width\":315,\"height\":171,\"innerHeight\":134},\"type\":\"MULTIPLE_LINE_TEXT\",\"var\":\"文字列__複数行_\",\"label\":\"出張目的\"}]},{\"id\":null,\"type\":\"ROW\",\"isSubTable\":false,\"var\":null,\"controlList\":[{\"styleMap\":{\"width\":411},\"type\":\"HR\"}]},{\"id\":null,\"type\":\"ROW\",\"isSubTable\":false,\"var\":null,\"controlList\":[{\"label\":\"\\u003Cdiv\\u003E\\u003Cb\\u003E出張費用\\u003C/b\\u003E\\u003C/div\\u003E\",\"styleMap\":{\"width\":88},\"formatted\":\"\\u003Cdiv\\u003E\\u003Cb\\u003E出張費用\\u003C/b\\u003E\\u003C/div\\u003E\",\"type\":\"LABEL\"},{\"label\":\"\\u003Cdiv\\u003E※ここから下は、出張後に入力してください。入力したら\\u003Cfont color=\\\"#ff0000\\\"\\u003E「費用申請する」\\u003C/font\\u003Eボタンを押してください。\\u003Cbr /\\u003E\\u003C/div\\u003E\",\"styleMap\":{\"width\":676},\"formatted\":\"\\u003Cdiv\\u003E※ここから下は、出張後に入力してください。入力したら\\u003Cfont color=\\\"#ff0000\\\"\\u003E「費用申請する」\\u003C/font\\u003Eボタンを押してください。\\u003Cbr\\u003E\\u003C/div\\u003E\",\"type\":\"LABEL\"}]},{\"id\":\"5125492\",\"type\":\"SUBTABLE\",\"isSubTable\":true,\"var\":\"費用明細\",\"controlList\":[{\"isVirtical\":true,\"styleMap\":{\"width\":117},\"type\":\"DATE\",\"var\":\"日付\",\"label\":\"日付\"},{\"isVirtical\":true,\"styleMap\":{\"width\":196},\"type\":\"SINGLE_SELECT\",\"var\":\"ドロップダウン_0\",\"label\":\"交通手段\"},{\"isVirtical\":true,\"styleMap\":{\"width\":193},\"type\":\"DECIMAL\",\"var\":\"数値_0\",\"label\":\"金額\"}]},{\"id\":null,\"type\":\"ROW\",\"isSubTable\":false,\"var\":null,\"controlList\":[{\"isVirtical\":true,\"styleMap\":{\"width\":193},\"type\":\"CALC\",\"var\":\"計算\",\"label\":\"合計金額\"}]},{\"id\":null,\"type\":\"ROW\",\"isSubTable\":false,\"var\":null,\"controlList\":[{\"isVirtical\":true,\"styleMap\":{\"width\":433,\"height\":152,\"innerHeight\":115},\"type\":\"MULTIPLE_LINE_TEXT\",\"var\":\"文字列__複数行__0\",\"label\":\"備考\"}]}]","revision":null},"iconMeta":{"internalName":null,"mime":"image/png","name":"appMap[1].png"},"info":{"automaticallyChooseTitleComponent":"false","code":null,"decimalPrecision":"16","decimalScale":"4","description":"\u003Cdiv\u003E\u003Cbr /\u003E\u003C/div\u003E","enableBulkDeletion":"false","fiscalYearStartMonth":"4","iconKey":"8629","iconType":"BLOB","jsFiles":null,"jsScope":"ALL","name":"出張申請","roundingMode":"HALF_EVEN","theme":"PLAIN","titleComponentLocalId":"5125493","useComment":"true","useHistory":"true","useThumbnail":"true"},"jsFiles":[{"jsFileMetas":[{"internalName":null,"locationType":"BLOB","mime":"text/css","name":"arrangePreApproval.css","url":null}],"jsType":"DESKTOP_CSS"},{"jsFileMetas":[{"internalName":null,"locationType":"BLOB","mime":"text/javascript","name":"arrangePreApproval.js","url":null}],"jsType":"DESKTOP"}],"notification":{"appNotifications":[{"events":["RECORD_COMMENT_ADDED"],"target":{"entityId":"5125468","entityType":"FIELD_ENTITY","includeSubs":"false"}},{"events":["RECORD_COMMENT_ADDED"],"target":{"entityId":"5125469","entityType":"FIELD_ENTITY","includeSubs":"false"}}],"recordNotifications":[],"reminderTimezone":null,"reminders":[],"useComment":"true","useReminder":"false"},"plugin":{"pluginIds":[]},"reports":[],"resource":{"tables":[{"rows":[{"fields":[{"language":"zh","value":"出差申请"},{"language":"en","value":"Business Trip Approval Request"},{"language":"ja","value":""}],"objectId":"0","subObjectId":"-1"}],"type":"AppName"},{"rows":[{"fields":[{"language":"zh","value":"\u003Cdiv\u003E出差的情况下，对于出差交通费，借记款等做事前的申请。\u003Cdiv\u003E即使在公司外，也可以做确认和申请。可以提升申请到确认的速度。\u003C/div\u003E\u003C/div\u003E"},{"language":"en","value":"\u003Cdiv\u003EAn application to be reimbursed for travel fees associated with a business trip. \u003Cbr /\u003EBecause this application can be reviewed and approved from outside the office, the response time between application and approval can be decreased significantly. \u003C/div\u003E"},{"language":"ja","value":""}],"objectId":"0","subObjectId":"-1"}],"type":"AppDescription"},{"rows":[{"fields":[{"language":"zh","value":"记录编号"},{"language":"en","value":"Record No."},{"language":"ja","value":""}],"objectId":"5125467","subObjectId":"-1"},{"fields":[{"language":"zh","value":"更新人"},{"language":"en","value":"Last Updated By"},{"language":"ja","value":""}],"objectId":"5125468","subObjectId":"-1"},{"fields":[{"language":"zh","value":"创建人"},{"language":"en","value":"Applicant"},{"language":"ja","value":""}],"objectId":"5125469","subObjectId":"-1"},{"fields":[{"language":"zh","value":"更新时间"},{"language":"en","value":"Updated"},{"language":"ja","value":""}],"objectId":"5125470","subObjectId":"-1"},{"fields":[{"language":"zh","value":"申请日期"},{"language":"en","value":"Submitted on"},{"language":"ja","value":""}],"objectId":"5125471","subObjectId":"-1"},{"fields":[{"language":"zh","value":"状态"},{"language":"en","value":"Status"},{"language":"ja","value":""}],"objectId":"5125472","subObjectId":"-1"},{"fields":[{"language":"zh","value":"执行者"},{"language":"en","value":"Assignee"},{"language":"ja","value":""}],"objectId":"5125473","subObjectId":"-1"},{"fields":[{"language":"zh","value":"类别"},{"language":"en","value":"Categories"},{"language":"ja","value":""}],"objectId":"5125474","subObjectId":"-1"},{"fields":[{"language":"zh","value":"费用明细"},{"language":"en","value":"Detailed Expenses"},{"language":"ja","value":""}],"objectId":"5125492","subObjectId":"-1"},{"fields":[{"language":"zh","value":"日期"},{"language":"en","value":"Date"},{"language":"ja","value":""}],"objectId":"5125489","subObjectId":"-1"},{"fields":[{"language":"zh","value":"交通手段"},{"language":"en","value":"Mode of Transportation"},{"language":"ja","value":""}],"objectId":"5125490","subObjectId":"-1"},{"fields":[{"language":"zh","value":"地铁（单程）"},{"language":"en","value":"Train (One-way)"},{"language":"ja","value":""}],"objectId":"5125490","subObjectId":"5125479"},{"fields":[{"language":"zh","value":"地铁（往返）"},{"language":"en","value":"Train (Round Trip)"},{"language":"ja","value":""}],"objectId":"5125490","subObjectId":"5125480"},{"fields":[{"language":"zh","value":"高铁（单程）"},{"language":"en","value":"Bullet Train (One-way)"},{"language":"ja","value":""}],"objectId":"5125490","subObjectId":"5125481"},{"fields":[{"language":"zh","value":"高铁（往返）"},{"language":"en","value":"Bullet Train (Round Trip)"},{"language":"ja","value":""}],"objectId":"5125490","subObjectId":"5125482"},{"fields":[{"language":"zh","value":"巴士（单程）"},{"language":"en","value":"Bus (One-way)"},{"language":"ja","value":""}],"objectId":"5125490","subObjectId":"5125483"},{"fields":[{"language":"zh","value":"巴士（往返）"},{"language":"en","value":"Bus (Round Trip)"},{"language":"ja","value":""}],"objectId":"5125490","subObjectId":"5125484"},{"fields":[{"language":"zh","value":"飞机（单程）"},{"language":"en","value":"Plane (One-way)"},{"language":"ja","value":""}],"objectId":"5125490","subObjectId":"5125485"},{"fields":[{"language":"zh","value":"飞机（往返）"},{"language":"en","value":"Plane (Round Trip)"},{"language":"ja","value":""}],"objectId":"5125490","subObjectId":"5125486"},{"fields":[{"language":"zh","value":"出租"},{"language":"en","value":"Taxi"},{"language":"ja","value":""}],"objectId":"5125490","subObjectId":"5125487"},{"fields":[{"language":"zh","value":"其他"},{"language":"en","value":"Other"},{"language":"ja","value":""}],"objectId":"5125490","subObjectId":"5125488"},{"fields":[{"language":"zh","value":"金额"},{"language":"en","value":"Cost"},{"language":"ja","value":""}],"objectId":"5125491","subObjectId":"-1"},{"fields":[{"language":"zh","value":"标题"},{"language":"en","value":"Title"},{"language":"ja","value":""}],"objectId":"5125493","subObjectId":"-1"},{"fields":[{"language":"zh","value":"员工编号"},{"language":"en","value":"Employee ID No."},{"language":"ja","value":""}],"objectId":"5125494","subObjectId":"-1"},{"fields":[{"language":"zh","value":"所属部门"},{"language":"en","value":"Department"},{"language":"ja","value":""}],"objectId":"5125495","subObjectId":"-1"},{"fields":[{"language":"zh","value":"销售部"},{"language":"en","value":"Sales"},{"language":"ja","value":""}],"objectId":"5125495","subObjectId":"5125475"},{"fields":[{"language":"zh","value":"总务部"},{"language":"en","value":"General Affairs"},{"language":"ja","value":""}],"objectId":"5125495","subObjectId":"5125476"},{"fields":[{"language":"zh","value":"财务部"},{"language":"en","value":"Accounting"},{"language":"ja","value":""}],"objectId":"5125495","subObjectId":"5125477"},{"fields":[{"language":"zh","value":"开发部"},{"language":"en","value":"Development"},{"language":"ja","value":""}],"objectId":"5125495","subObjectId":"5125478"},{"fields":[{"language":"zh","value":"确认人"},{"language":"en","value":"Authorizer"},{"language":"ja","value":""}],"objectId":"5125496","subObjectId":"-1"},{"fields":[{"language":"zh","value":"出差目的地"},{"language":"en","value":"Destination"},{"language":"ja","value":""}],"objectId":"5125497","subObjectId":"-1"},{"fields":[{"language":"zh","value":"出差目的"},{"language":"en","value":"Purpose"},{"language":"ja","value":""}],"objectId":"5125498","subObjectId":"-1"},{"fields":[{"language":"zh","value":"合计金额"},{"language":"en","value":"Total Expenses"},{"language":"ja","value":""}],"objectId":"5125499","subObjectId":"-1"},{"fields":[{"language":"zh","value":"备注"},{"language":"en","value":"Notes"},{"language":"ja","value":""}],"objectId":"5125500","subObjectId":"-1"},{"fields":[],"objectId":"5696681","subObjectId":"-1"},{"fields":[],"objectId":"5696682","subObjectId":"-1"}],"type":"FieldLabel"},{"rows":[{"fields":[{"language":"zh","value":"（全部）"},{"language":"en","value":"(All)"},{"language":"ja","value":""}],"objectId":"20","subObjectId":"-1"},{"fields":[{"language":"zh","value":"（我的工作）"},{"language":"en","value":"(Assigned to me)"},{"language":"ja","value":""}],"objectId":"5125523","subObjectId":"-1"},{"fields":[{"language":"zh","value":"申请一览"},{"language":"en","value":"Application Summary"},{"language":"ja","value":""}],"objectId":"5125525","subObjectId":"-1"},{"fields":[{"language":"zh","value":"本人审批的申请"},{"language":"en","value":"Submitted to Me"},{"language":"ja","value":""}],"objectId":"5125527","subObjectId":"-1"},{"fields":[{"language":"zh","value":"本人的申请"},{"language":"en","value":"My Reports"},{"language":"ja","value":""}],"objectId":"5125529","subObjectId":"-1"}],"type":"ViewName"},{"rows":[{"fields":[{"language":"zh","value":"未处理（草稿）"},{"language":"en","value":"Unsubmitted (Draft)"},{"language":"ja","value":""}],"objectId":"5125501","subObjectId":"-1"},{"fields":[{"language":"zh","value":"上司确认中"},{"language":"en","value":"Processing"},{"language":"ja","value":""}],"objectId":"5125502","subObjectId":"-1"},{"fields":[{"language":"zh","value":"确认（出差费用未申请）"},{"language":"en","value":"Approved"},{"language":"ja","value":""}],"objectId":"5125503","subObjectId":"-1"},{"fields":[{"language":"zh","value":"退回"},{"language":"en","value":"Sent Back"},{"language":"ja","value":""}],"objectId":"5125504","subObjectId":"-1"},{"fields":[{"language":"zh","value":"出差费用申请"},{"language":"en","value":"Applied for Reimbursement"},{"language":"ja","value":""}],"objectId":"5125505","subObjectId":"-1"},{"fields":[{"language":"zh","value":"出差费用确认"},{"language":"en","value":"Reimbursement Approved"},{"language":"ja","value":""}],"objectId":"5125506","subObjectId":"-1"},{"fields":[{"language":"zh","value":"出差费用退回"},{"language":"en","value":"Reimbursed"},{"language":"ja","value":""}],"objectId":"5125507","subObjectId":"-1"}],"type":"StatusState"},{"rows":[{"fields":[{"language":"zh","value":"提交"},{"language":"en","value":"Submit"},{"language":"ja","value":""}],"objectId":"5125514","subObjectId":"-1"},{"fields":[{"language":"zh","value":"同意"},{"language":"en","value":"Approve"},{"language":"ja","value":""}],"objectId":"5125515","subObjectId":"-1"},{"fields":[{"language":"zh","value":"退回"},{"language":"en","value":"Send Back"},{"language":"ja","value":""}],"objectId":"5125516","subObjectId":"-1"},{"fields":[{"language":"zh","value":"费用申请提交"},{"language":"en","value":"Submit"},{"language":"ja","value":""}],"objectId":"5125517","subObjectId":"-1"},{"fields":[{"language":"zh","value":"再提交"},{"language":"en","value":"Reapply"},{"language":"ja","value":""}],"objectId":"5125518","subObjectId":"-1"},{"fields":[{"language":"zh","value":"同意"},{"language":"en","value":"Approve"},{"language":"ja","value":""}],"objectId":"5125519","subObjectId":"-1"},{"fields":[{"language":"zh","value":"退回"},{"language":"en","value":"Send Back"},{"language":"ja","value":""}],"objectId":"5125520","subObjectId":"-1"},{"fields":[{"language":"zh","value":"再提交"},{"language":"en","value":"Reapply"},{"language":"ja","value":""}],"objectId":"5125521","subObjectId":"-1"}],"type":"StatusAction"}]},"schema":{"groups":[],"revision":null,"subTable":{"5125492":{"fieldList":{"5125489":{"id":"5125489","label":"日付","properties":{"defaultExpression":"NOW","defaultValue":null,"noLabel":"false","required":"false","unique":"false"},"type":"DATE","var":"日付"},"5125490":{"id":"5125490","label":"交通手段","properties":{"defaultValue":null,"noLabel":"false","options":[{"id":"5125479","label":"電車（片道）","valid":true},{"id":"5125480","label":"電車（往復）","valid":true},{"id":"5125481","label":"新幹線（片道）","valid":true},{"id":"5125482","label":"新幹線（往復）","valid":true},{"id":"5125483","label":"バス（片道）","valid":true},{"id":"5125484","label":"バス（往復）","valid":true},{"id":"5125485","label":"飛行機（片道）","valid":true},{"id":"5125486","label":"飛行機（往復）","valid":true},{"id":"5125487","label":"タクシー","valid":true},{"id":"5125488","label":"その他","valid":true}],"required":"false"},"type":"SINGLE_SELECT","var":"ドロップダウン_0"},"5125491":{"id":"5125491","label":"金額","properties":{"defaultValue":null,"digit":"false","displayScale":null,"max":null,"min":null,"noLabel":"false","required":"false","roundingMode":null,"scale":null,"unique":"false","unit":"","unitPosition":"BEFORE"},"type":"DECIMAL","var":"数値_0"}},"id":"5125492","label":"費用明細","var":"費用明細"}},"table":{"fieldList":{"5125467":{"id":"5125467","label":"レコード番号","properties":{"noLabel":"false","required":"true"},"type":"RECORD_ID","var":"レコード番号"},"5125468":{"id":"5125468","label":"更新者","properties":{"noLabel":"false","required":"true"},"type":"MODIFIER","var":"更新者"},"5125469":{"id":"5125469","label":"申請者","properties":{"noLabel":"false","required":"true"},"type":"CREATOR","var":"申請者"},"5125470":{"id":"5125470","label":"更新日時","properties":{"noLabel":"false","required":"true"},"type":"MODIFIED_AT","var":"更新日時"},"5125471":{"id":"5125471","label":"申請日","properties":{"noLabel":"false","required":"true"},"type":"CREATED_AT","var":"作成日時"},"5125472":{"id":"5125472","label":"ステータス","properties":{"noLabel":"false","required":"false"},"type":"STATUS","var":"ステータス"},"5125473":{"id":"5125473","label":"作業者","properties":{"noLabel":"false","required":"false"},"type":"STATUS_ASSIGNEE","var":"作業者"},"5125474":{"id":"5125474","label":"カテゴリー","properties":{"noLabel":"false","required":"false"},"type":"CATEGORY","var":"カテゴリー"},"5125493":{"id":"5125493","label":"タイトル","properties":{"defaultValue":"","expression":"","hideExpression":"false","max":null,"min":null,"noLabel":"false","required":"false","unique":"false"},"type":"SINGLE_LINE_TEXT","var":"文字列__1行_"},"5125494":{"id":"5125494","label":"社員番号","properties":{"defaultValue":null,"digit":"false","displayScale":null,"max":null,"min":null,"noLabel":"false","required":"false","roundingMode":null,"scale":null,"unique":"false","unit":"","unitPosition":"BEFORE"},"type":"DECIMAL","var":"数値"},"5125495":{"id":"5125495","label":"所属部署","properties":{"defaultValue":null,"noLabel":"false","options":[{"id":"5125475","label":"営業部","valid":true},{"id":"5125476","label":"総務部","valid":true},{"id":"5125477","label":"経理部","valid":true},{"id":"5125478","label":"開発部","valid":true}],"required":"false"},"type":"SINGLE_SELECT","var":"ドロップダウン"},"5125496":{"id":"5125496","label":"承認者","properties":{"defaultEntities":[],"defaultSelect":[],"entities":[],"noLabel":"false","required":"true","select":[]},"type":"USER_SELECT","var":"承認者"},"5125497":{"id":"5125497","label":"出張先","properties":{"defaultValue":"","expression":"","hideExpression":"false","max":null,"min":null,"noLabel":"false","required":"true","unique":"false"},"type":"SINGLE_LINE_TEXT","var":"出張先"},"5125498":{"id":"5125498","label":"出張目的","properties":{"defaultValue":"","noLabel":"false","required":"false"},"type":"MULTIPLE_LINE_TEXT","var":"文字列__複数行_"},"5125499":{"id":"5125499","label":"合計金額","properties":{"displayScale":null,"expression":"SUM(数値_0)","format":"NUMBER","hideExpression":"false","noLabel":"false","required":"false","roundingMode":null,"scale":null,"unit":"","unitPosition":"BEFORE"},"type":"CALC","var":"計算"},"5125500":{"id":"5125500","label":"備考","properties":{"defaultValue":"","noLabel":"false","required":"false"},"type":"MULTIPLE_LINE_TEXT","var":"文字列__複数行__0"},"5696681":{"id":"5696681","label":"期間（出発）","properties":{"defaultExpression":"NOW","defaultValue":null,"noLabel":"false","required":"true","unique":"false"},"type":"DATE","var":"出発"},"5696682":{"id":"5696682","label":"期間（帰着）","properties":{"defaultExpression":"NOW","defaultValue":null,"noLabel":"false","required":"true","unique":"false"},"type":"DATE","var":"帰着"}},"id":"1","label":"__ROOT__","var":"__ROOT__"}},"status":{"actions":[{"app":null,"assignees":[],"filter":"5125508","from":"5125501","fromLabel":null,"id":"5125514","label":"申請する","record":null,"revision":null,"to":"5125502","toApprovalType":null,"toLabel":null},{"app":null,"assignees":[],"filter":"5125509","from":"5125502","fromLabel":null,"id":"5125515","label":"承認する","record":null,"revision":null,"to":"5125503","toApprovalType":null,"toLabel":null},{"app":null,"assignees":[],"filter":"5125509","from":"5125502","fromLabel":null,"id":"5125516","label":"差し戻す","record":null,"revision":null,"to":"5125504","toApprovalType":null,"toLabel":null},{"app":null,"assignees":[],"filter":"5125510","from":"5125503","fromLabel":null,"id":"5125517","label":"費用申請する","record":null,"revision":null,"to":"5125505","toApprovalType":null,"toLabel":null},{"app":null,"assignees":[],"filter":"5125511","from":"5125504","fromLabel":null,"id":"5125518","label":"再申請する","record":null,"revision":null,"to":"5125502","toApprovalType":null,"toLabel":null},{"app":null,"assignees":[],"filter":"5125512","from":"5125505","fromLabel":null,"id":"5125519","label":"承認する","record":null,"revision":null,"to":"5125506","toApprovalType":null,"toLabel":null},{"app":null,"assignees":[],"filter":"5125512","from":"5125505","fromLabel":null,"id":"5125520","label":"差し戻す","record":null,"revision":null,"to":"5125507","toApprovalType":null,"toLabel":null},{"app":null,"assignees":[],"filter":"5125513","from":"5125507","fromLabel":null,"id":"5125521","label":"再申請する","record":null,"revision":null,"to":"5125505","toApprovalType":null,"toLabel":null}],"filters":[{"condition":"","id":"5125508","state":"5125501"},{"condition":"","id":"5125509","state":"5125502"},{"condition":"","id":"5125510","state":"5125503"},{"condition":"","id":"5125511","state":"5125504"},{"condition":"","id":"5125512","state":"5125505"},{"condition":"","id":"5125513","state":"5125507"}],"initialStateId":"5125501","states":[{"approvalType":"ONE","assignees":[{"entityId":"5125469","entityName":"申請者","entityType":"FIELD_ENTITY","includeSubs":"false"}],"id":"5125501","initial":true,"label":"未申請（下書き）","valid":true},{"approvalType":"ONE","assignees":[{"entityId":"5125496","entityName":"承認者","entityType":"FIELD_ENTITY","includeSubs":"false"}],"id":"5125502","initial":false,"label":"上長確認中","valid":true},{"approvalType":"ONE","assignees":[{"entityId":"5125469","entityName":"申請者","entityType":"FIELD_ENTITY","includeSubs":"false"}],"id":"5125503","initial":false,"label":"承認（出張費用未申請）","valid":true},{"approvalType":"ONE","assignees":[{"entityId":"5125469","entityName":"申請者","entityType":"FIELD_ENTITY","includeSubs":"false"}],"id":"5125504","initial":false,"label":"差し戻し","valid":true},{"approvalType":"ONE","assignees":[{"entityId":"5125496","entityName":"承認者","entityType":"FIELD_ENTITY","includeSubs":"false"}],"id":"5125505","initial":false,"label":"出張費用申請","valid":true},{"approvalType":"ONE","assignees":[],"id":"5125506","initial":false,"label":"出張費用承認","valid":true},{"approvalType":"ONE","assignees":[{"entityId":"5125469","entityName":"申請者","entityType":"FIELD_ENTITY","includeSubs":"false"}],"id":"5125507","initial":false,"label":"出張費用差し戻し","valid":true}],"useStatus":"true"},"uuid":"49e2c4a0-3a89-40b5-b359-ebd1acf59e35","views":[{"advancedMode":"false","builtinType":null,"device":null,"fields":[{"row":[{"id":"5125469"},{"id":"5125493"},{"id":"5125472"},{"id":"5125473"}]}],"filter":{"category":null,"offset":null,"order":["DESC"],"q":"f5125469 in (\" USER\", LOGINUSER())","size":null,"sort":["f5125471"]},"html":null,"keyFieldId":null,"name":"自分が作成したもの","pager":null,"revision":null,"titleFieldId":null,"view":"5125529","viewType":"LIST"},{"advancedMode":"false","builtinType":null,"device":null,"fields":[{"row":[{"id":"5125469"},{"id":"5125493"},{"id":"5125472"},{"id":"5125473"}]}],"filter":{"category":null,"offset":null,"order":["DESC"],"q":"f5125473 in (\" USER\", LOGINUSER())","size":null,"sort":["f5125471"]},"html":null,"keyFieldId":null,"name":"自分が処理すべきもの","pager":null,"revision":null,"titleFieldId":null,"view":"5125527","viewType":"LIST"},{"advancedMode":"false","builtinType":null,"device":null,"fields":[{"row":[{"id":"5125469"},{"id":"5125493"},{"id":"5125472"},{"id":"5125473"}]}],"filter":{"category":null,"offset":null,"order":["DESC"],"q":null,"size":null,"sort":["f5125471"]},"html":null,"keyFieldId":null,"name":"申請一覧","pager":null,"revision":null,"titleFieldId":null,"view":"5125525","viewType":"LIST"},{"advancedMode":"false","builtinType":"ASSIGN","device":null,"fields":[{"row":[{"id":"5125467"},{"id":"5125493"},{"id":"5125494"},{"id":"5125495"},{"id":"5125496"},{"id":"5125497"},{"id":"5125498"},{"id":"5125499"},{"id":"5125500"},{"id":"5125472"},{"id":"5125473"}]}],"filter":{"category":null,"offset":null,"order":[],"q":"f5125473 in (LOGINUSER())","size":null,"sort":[]},"html":null,"keyFieldId":null,"name":"（作業者が自分）","pager":null,"revision":null,"titleFieldId":null,"view":"5125523","viewType":"LIST"},{"advancedMode":null,"builtinType":"ALL","device":null,"fields":[{"row":[{"id":"5125467"},{"id":"5125493"},{"id":"5125494"},{"id":"5125495"},{"id":"5125496"},{"id":"5125497"},{"id":"5125498"},{"id":"5125499"},{"id":"5125500"},{"id":"5125472"},{"id":"5125473"},{"id":"5696681"},{"id":"5696682"}]}],"filter":{"category":null,"offset":null,"order":[],"q":null,"size":null,"sort":[]},"html":null,"keyFieldId":null,"name":"（すべて）","pager":null,"revision":null,"titleFieldId":null,"view":"20","viewType":"LIST"}]},{"acl":{"app":[],"field":[],"record":[]},"app":null,"category":{"categories":[],"useCategory":"false"},"form":{"layout":"[{\"id\":null,\"type\":\"ROW\",\"isSubTable\":false,\"var\":null,\"controlList\":[{\"styleMap\":{\"width\":250,\"height\":64},\"elementId\":\"\",\"type\":\"SPACER\"},{\"label\":\"\\u003Cfont size=\\\"6\\\"\\u003E\\u003Cb\\u003E旅費精算申請\\u003C/b\\u003E\\u003C/font\\u003E\",\"styleMap\":{\"width\":227},\"type\":\"LABEL\",\"formatted\":\"\\u003Cfont size=\\\"6\\\"\\u003E\\u003Cb\\u003E旅費精算申請\\u003C/b\\u003E\\u003C/font\\u003E\"},{\"styleMap\":{\"width\":166,\"height\":64},\"elementId\":\"Print\",\"type\":\"SPACER\"}]},{\"id\":null,\"type\":\"ROW\",\"isSubTable\":false,\"var\":null,\"controlList\":[{\"isVirtical\":true,\"styleMap\":{\"width\":344},\"type\":\"USER_SELECT\",\"var\":\"申請者\",\"label\":\"申請者\"},{\"isVirtical\":true,\"styleMap\":{\"width\":344},\"type\":\"USER_SELECT\",\"var\":\"上長\",\"label\":\"上長\"},{\"styleMap\":{\"width\":117,\"height\":64},\"elementId\":\"\",\"type\":\"SPACER\"}]},{\"id\":null,\"type\":\"ROW\",\"isSubTable\":false,\"var\":null,\"controlList\":[{\"isVirtical\":true,\"styleMap\":{},\"canvasData\":[{\"id\":null,\"type\":\"ROW\",\"isSubTable\":false,\"var\":null,\"controlList\":[{\"isVirtical\":true,\"styleMap\":{\"width\":125},\"type\":\"DATE\",\"var\":\"出発\",\"label\":\"期間（出発）\"},{\"label\":\"\\u003Cbr /\\u003E～\\u003Cbr /\\u003E\",\"styleMap\":{\"width\":48},\"type\":\"LABEL\",\"formatted\":\"\\u003Cbr\\u003E～\\u003Cbr\\u003E\"},{\"isVirtical\":true,\"styleMap\":{\"width\":125},\"type\":\"DATE\",\"var\":\"帰着\",\"label\":\"期間（帰着）\"},{\"isVirtical\":true,\"styleMap\":{\"width\":180},\"type\":\"SINGLE_SELECT\",\"var\":\"地域\",\"label\":\"地域\"},{\"isVirtical\":true,\"styleMap\":{\"width\":130},\"type\":\"DECIMAL\",\"var\":\"日当\",\"label\":\"日当\"}]},{\"id\":null,\"type\":\"ROW\",\"isSubTable\":false,\"var\":null,\"controlList\":[{\"isVirtical\":true,\"styleMap\":{\"width\":218},\"type\":\"SINGLE_LINE_TEXT\",\"var\":\"行き先\",\"label\":\"行き先\"},{\"isVirtical\":true,\"styleMap\":{\"width\":460},\"type\":\"SINGLE_LINE_TEXT\",\"var\":\"目的\",\"label\":\"目的\"}]}],\"type\":\"GROUP\",\"var\":\"グループ\",\"label\":\"グループ\"}]},{\"id\":null,\"type\":\"ROW\",\"isSubTable\":false,\"var\":null,\"controlList\":[{\"label\":\"\\u003Cspan style=\\\"color: rgb(0,0,255);\\\"\\u003E\\u003Cfont size=\\\"4\\\"\\u003E旅費\\u003C/font\\u003E\\u003C/span\\u003E\",\"styleMap\":{\"width\":70},\"type\":\"LABEL\",\"formatted\":\"\\u003Cspan style=\\\"color: rgb(0,0,255);\\\"\\u003E\\u003Cfont size=\\\"4\\\"\\u003E旅費\\u003C/font\\u003E\\u003C/span\\u003E\"},{\"styleMap\":{\"width\":203,\"height\":51},\"elementId\":\"TravelSearch\",\"type\":\"SPACER\"}]},{\"id\":\"133198\",\"type\":\"SUBTABLE\",\"isSubTable\":true,\"var\":\"旅費\",\"controlList\":[{\"isVirtical\":true,\"styleMap\":{\"width\":118},\"type\":\"DATE\",\"var\":\"旅費日付\",\"label\":\"日付\"},{\"isVirtical\":true,\"styleMap\":{\"width\":125},\"type\":\"SINGLE_SELECT\",\"var\":\"手段\",\"label\":\"手段\"},{\"isVirtical\":true,\"styleMap\":{\"width\":303},\"type\":\"SINGLE_LINE_TEXT\",\"var\":\"旅費摘要\",\"label\":\"摘要\"},{\"isVirtical\":true,\"styleMap\":{\"width\":112},\"type\":\"DECIMAL\",\"var\":\"旅費金額\",\"label\":\"金額（円）\"},{\"isVirtical\":true,\"styleMap\":{\"width\":108},\"type\":\"MULTIPLE_CHECK\",\"var\":\"旅費領収書\",\"label\":\"領収書\",\"align\":\"horizontal\"}]},{\"id\":null,\"type\":\"ROW\",\"isSubTable\":false,\"var\":null,\"controlList\":[{\"label\":\"\\u003Cspan style=\\\"color: rgb(56,118,29);\\\"\\u003E\\u003Cfont size=\\\"4\\\"\\u003E経費\\u003C/font\\u003E\\u003C/span\\u003E\",\"styleMap\":{\"width\":70},\"type\":\"LABEL\",\"formatted\":\"\\u003Cspan style=\\\"color: rgb(56,118,29);\\\"\\u003E\\u003Cfont size=\\\"4\\\"\\u003E経費\\u003C/font\\u003E\\u003C/span\\u003E\"}]},{\"id\":\"133199\",\"type\":\"SUBTABLE\",\"isSubTable\":true,\"var\":\"経費\",\"controlList\":[{\"isVirtical\":true,\"styleMap\":{\"width\":118},\"type\":\"DATE\",\"var\":\"経費日付\",\"label\":\"日付\"},{\"isVirtical\":true,\"styleMap\":{\"width\":125},\"type\":\"SINGLE_SELECT\",\"var\":\"科目\",\"label\":\"科目\"},{\"isVirtical\":true,\"styleMap\":{\"width\":169},\"type\":\"SINGLE_LINE_TEXT\",\"var\":\"支払先\",\"label\":\"支払先\"},{\"isVirtical\":true,\"styleMap\":{\"width\":193},\"type\":\"SINGLE_LINE_TEXT\",\"var\":\"経費摘要\",\"label\":\"摘要\"},{\"isVirtical\":true,\"styleMap\":{\"width\":127},\"type\":\"DECIMAL\",\"var\":\"経費金額\",\"label\":\"金額（円）\"},{\"isVirtical\":true,\"styleMap\":{\"width\":108},\"type\":\"MULTIPLE_CHECK\",\"var\":\"経費領収書\",\"label\":\"領収書\",\"align\":\"horizontal\"}]},{\"id\":null,\"type\":\"ROW\",\"isSubTable\":false,\"var\":null,\"controlList\":[{\"label\":\"\\u003Cspan style=\\\"color: rgb(116,27,71);\\\"\\u003E\\u003Cfont size=\\\"4\\\"\\u003E合計\\u003C/font\\u003E\\u003C/span\\u003E\",\"styleMap\":{\"width\":70},\"type\":\"LABEL\",\"formatted\":\"\\u003Cspan style=\\\"color: rgb(116,27,71);\\\"\\u003E\\u003Cfont size=\\\"4\\\"\\u003E合計\\u003C/font\\u003E\\u003C/span\\u003E\"}]},{\"id\":null,\"type\":\"ROW\",\"isSubTable\":false,\"var\":null,\"controlList\":[{\"label\":\"旅費合計（円）\",\"styleMap\":{\"width\":130},\"type\":\"LABEL\",\"formatted\":\"旅費合計（円）\"},{\"isVirtical\":true,\"styleMap\":{\"width\":98},\"type\":\"CALC\",\"var\":\"旅費合計\",\"label\":\"旅費合計\"},{\"styleMap\":{\"width\":65,\"height\":34},\"elementId\":\"\",\"type\":\"SPACER\"},{\"label\":\"経費合計（円）\",\"styleMap\":{\"width\":130},\"type\":\"LABEL\",\"formatted\":\"経費合計（円）\"},{\"isVirtical\":true,\"styleMap\":{\"width\":86},\"type\":\"CALC\",\"var\":\"経費合計\",\"label\":\"経費合計\"},{\"styleMap\":{\"width\":65,\"height\":34},\"elementId\":\"\",\"type\":\"SPACER\"},{\"label\":\"精算合計（円）\",\"styleMap\":{\"width\":130},\"type\":\"LABEL\",\"formatted\":\"精算合計（円）\"},{\"isVirtical\":true,\"styleMap\":{\"width\":93},\"type\":\"CALC\",\"var\":\"精算金額\",\"label\":\"精算金額\"}]},{\"id\":null,\"type\":\"ROW\",\"isSubTable\":false,\"var\":null,\"controlList\":[{\"styleMap\":{\"width\":773},\"type\":\"HR\"}]},{\"id\":null,\"type\":\"ROW\",\"isSubTable\":false,\"var\":null,\"controlList\":[{\"isVirtical\":true,\"styleMap\":{\"width\":763,\"height\":121,\"innerHeight\":84},\"type\":\"MULTIPLE_LINE_TEXT\",\"var\":\"備考\",\"label\":\"備考\"}]},{\"id\":null,\"type\":\"ROW\",\"isSubTable\":false,\"var\":null,\"controlList\":[{\"styleMap\":{\"width\":773},\"type\":\"HR\"}]},{\"id\":null,\"type\":\"ROW\",\"isSubTable\":false,\"var\":null,\"controlList\":[{\"styleMap\":{\"width\":120},\"type\":\"CREATOR\",\"var\":\"作成者\",\"label\":\"作成者\"},{\"styleMap\":{\"width\":120},\"type\":\"MODIFIER\",\"var\":\"更新者\",\"label\":\"更新者\"},{\"styleMap\":{\"width\":196},\"type\":\"MODIFIED_AT\",\"var\":\"更新日時\",\"label\":\"更新日時\"}]}]","revision":null},"iconMeta":{"internalName":null,"mime":"image/png","name":"truck2.png"},"info":{"automaticallyChooseTitleComponent":"false","code":null,"decimalPrecision":"16","decimalScale":"4","description":"\u003Cdiv\u003E\u003Cdiv\u003E\u003Cbr /\u003E\u003C/div\u003E\u003C/div\u003E","enableBulkDeletion":"false","fiscalYearStartMonth":"4","iconKey":"8633","iconType":"BLOB","jsFiles":null,"jsScope":"ALL","name":"旅費精算申請","roundingMode":"DOWN","theme":"PLAIN","titleComponentLocalId":null,"useComment":"true","useHistory":"true","useThumbnail":"true"},"jsFiles":[{"jsFileMetas":[{"internalName":null,"locationType":"BLOB","mime":"text/css","name":"arrangeExpenseReport.css","url":null}],"jsType":"DESKTOP_CSS"},{"jsFileMetas":[{"internalName":null,"locationType":"BLOB","mime":"text/javascript","name":"arrangeExpenseReport.js","url":null}],"jsType":"DESKTOP"}],"notification":{"appNotifications":[{"events":["RECORD_COMMENT_ADDED"],"target":{"entityId":"133160","entityType":"FIELD_ENTITY","includeSubs":"false"}},{"events":["RECORD_COMMENT_ADDED"],"target":{"entityId":"133161","entityType":"FIELD_ENTITY","includeSubs":"false"}}],"recordNotifications":[],"reminderTimezone":"Asia/Tokyo","reminders":[],"useComment":"true","useReminder":"false"},"plugin":{"pluginIds":[]},"reports":[{"advancedMode":"false","filter":{"category":null,"offset":null,"order":[],"q":null,"size":null,"sort":[]},"isAborted":null,"name":"申請者別クロス集計","processType":null,"report":"133241","reportType":"SUBTOTAL","revision":null,"settings":"{\"groups\":[{\"id\":\"133203\",\"op\":\"YEAR_MONTH\"},{\"id\":\"133200\",\"op\":null}],\"summaries\":[{\"op\":\"SUM\",\"id\":\"133211\"}],\"chartType\":\"crosstable\",\"sort\":[\"g1\"],\"order\":[\"ASC\"]}","tallyPeriod":null,"tallyStartDateTime":null},{"advancedMode":"false","filter":{"category":null,"offset":null,"order":[],"q":null,"size":null,"sort":[]},"isAborted":null,"name":"日当と精算金額","processType":null,"report":"133243","reportType":"SUBTOTAL","revision":null,"settings":"{\"chartType\":\"table\",\"groups\":[{\"id\":\"133200\",\"op\":null}],\"order\":[\"DESC\"],\"sort\":[\"g0\"],\"stackType\":null,\"summaries\":[{\"id\":\"133208\",\"op\":\"SUM\"},{\"id\":\"133211\",\"op\":\"SUM\"}]}","tallyPeriod":null,"tallyStartDateTime":null}],"resource":{"tables":[{"rows":[{"fields":[{"language":"zh","value":"差旅费结算申请"},{"language":"en","value":"Travel Expense Reimbursement"},{"language":"ja","value":""}],"objectId":"0","subObjectId":"-1"}],"type":"AppName"},{"rows":[{"fields":[{"language":"zh","value":"\u003Cdiv\u003E出差经费进行申请和报销。\u003Cdiv\u003E※面向于开发者的网站［cybozu.com developer newwork］中有JavaScript的例子，加载到应用中可以实现自定义开发。\u003C/div\u003E\u003Cdiv\u003E可以做防止填写错误的自定义开发。 →例子\u003Ca href=\"https://cybozudev.zendesk.com/hc/ja/articles/202341954\"\u003E这里\u003C/a\u003E\u003C/div\u003E\u003Cdiv\u003E另外，自定义开发只能适用于标准版。→价格请看\u003Ca href=\"https://kintone.cybozu.com/jp/price/\"\u003E这里\u003C/a\u003E\u003C/div\u003E\u003C/div\u003E"},{"language":"en","value":"\u003Cdiv\u003EAn app for requesting reimbursement for travel costs. \u003Cbr /\u003E\u003Cbr /\u003E※This app can be further customized to detect data entry errors using the \u003Ca href=\"https://cybozudev.zendesk.com/hc/ja/articles/202341954\"\u003EJavaScript sample code\u003C/a\u003E shared with the cybozu.com developer network. \u003Cbr /\u003EYou must have the \u003Ca href=\"https://kintone.cybozu.com/jp/price/\"\u003EStandard Course\u003C/a\u003E in order to customize applications using JavaScript. \u003C/div\u003E"},{"language":"ja","value":""}],"objectId":"0","subObjectId":"-1"}],"type":"AppDescription"},{"rows":[{"fields":[{"language":"zh","value":"记录编号"},{"language":"en","value":"Record No."},{"language":"ja","value":""}],"objectId":"133159","subObjectId":"-1"},{"fields":[{"language":"zh","value":"更新人"},{"language":"en","value":"Last Updated By"},{"language":"ja","value":""}],"objectId":"133160","subObjectId":"-1"},{"fields":[{"language":"zh","value":"创建人"},{"language":"en","value":"Created By"},{"language":"ja","value":""}],"objectId":"133161","subObjectId":"-1"},{"fields":[{"language":"zh","value":"更新时间"},{"language":"en","value":"Updated"},{"language":"ja","value":""}],"objectId":"133162","subObjectId":"-1"},{"fields":[{"language":"zh","value":"创建时间"},{"language":"en","value":"Created"},{"language":"ja","value":""}],"objectId":"133163","subObjectId":"-1"},{"fields":[{"language":"zh","value":"状态"},{"language":"en","value":"Status"},{"language":"ja","value":""}],"objectId":"133164","subObjectId":"-1"},{"fields":[{"language":"zh","value":"执行者"},{"language":"en","value":"Assignee"},{"language":"ja","value":""}],"objectId":"133165","subObjectId":"-1"},{"fields":[{"language":"zh","value":"类别"},{"language":"en","value":"Category"},{"language":"ja","value":""}],"objectId":"133166","subObjectId":"-1"},{"fields":[{"language":"zh","value":"旅费"},{"language":"en","value":"Travel Expenses"},{"language":"ja","value":""}],"objectId":"133198","subObjectId":"-1"},{"fields":[{"language":"zh","value":"日期"},{"language":"en","value":"Date"},{"language":"ja","value":""}],"objectId":"133187","subObjectId":"-1"},{"fields":[{"language":"zh","value":"交通工具"},{"language":"en","value":"Type of Transportation"},{"language":"ja","value":""}],"objectId":"133188","subObjectId":"-1"},{"fields":[{"language":"zh","value":"地铁"},{"language":"en","value":"Train"},{"language":"ja","value":""}],"objectId":"133188","subObjectId":"133174"},{"fields":[{"language":"zh","value":"公交"},{"language":"en","value":"Bus"},{"language":"ja","value":""}],"objectId":"133188","subObjectId":"133175"},{"fields":[{"language":"zh","value":"出租"},{"language":"en","value":"Taxi"},{"language":"ja","value":""}],"objectId":"133188","subObjectId":"133176"},{"fields":[{"language":"zh","value":"飞机"},{"language":"en","value":"Airplane"},{"language":"ja","value":""}],"objectId":"133188","subObjectId":"133177"},{"fields":[{"language":"zh","value":"船"},{"language":"en","value":"Ship"},{"language":"ja","value":""}],"objectId":"133188","subObjectId":"133178"},{"fields":[{"language":"zh","value":"住宿"},{"language":"en","value":"Accommodation"},{"language":"ja","value":""}],"objectId":"133188","subObjectId":"133179"},{"fields":[{"language":"zh","value":"摘要"},{"language":"en","value":"Summary"},{"language":"ja","value":""}],"objectId":"133189","subObjectId":"-1"},{"fields":[{"language":"zh","value":"金额（元）"},{"language":"en","value":"Costs"},{"language":"ja","value":""}],"objectId":"133190","subObjectId":"-1"},{"fields":[{"language":"zh","value":"发票"},{"language":"en","value":"Receipts submitted?"},{"language":"ja","value":""}],"objectId":"133191","subObjectId":"-1"},{"fields":[{"language":"zh","value":"有"},{"language":"en","value":"Yes"},{"language":"ja","value":""}],"objectId":"133191","subObjectId":"133180"},{"fields":[{"language":"zh","value":"花费"},{"language":"en","value":"Expenses"},{"language":"ja","value":""}],"objectId":"133199","subObjectId":"-1"},{"fields":[{"language":"zh","value":"日期"},{"language":"en","value":"Date"},{"language":"ja","value":""}],"objectId":"133192","subObjectId":"-1"},{"fields":[{"language":"zh","value":"项目"},{"language":"en","value":"Subject"},{"language":"ja","value":""}],"objectId":"133193","subObjectId":"-1"},{"fields":[{"language":"zh","value":"会议室"},{"language":"en","value":"Meeting Costs"},{"language":"ja","value":""}],"objectId":"133193","subObjectId":"133181"},{"fields":[{"language":"zh","value":"交际费"},{"language":"en","value":"Entertainment Expenses"},{"language":"ja","value":""}],"objectId":"133193","subObjectId":"133182"},{"fields":[{"language":"zh","value":"消耗品费"},{"language":"en","value":"Cost of Supplies"},{"language":"ja","value":""}],"objectId":"133193","subObjectId":"133183"},{"fields":[{"language":"zh","value":"出差费"},{"language":"en","value":"Travel Expenses"},{"language":"ja","value":""}],"objectId":"133193","subObjectId":"133185"},{"fields":[{"language":"zh","value":"广告宣传费"},{"language":"en","value":"Advertising Costs"},{"language":"ja","value":""}],"objectId":"133193","subObjectId":"133212"},{"fields":[{"language":"zh","value":"其他费用"},{"language":"en","value":"Misc."},{"language":"ja","value":""}],"objectId":"133193","subObjectId":"133184"},{"fields":[{"language":"zh","value":"支付对象"},{"language":"en","value":"Payment Destination"},{"language":"ja","value":""}],"objectId":"133194","subObjectId":"-1"},{"fields":[{"language":"zh","value":"摘要"},{"language":"en","value":"Summary"},{"language":"ja","value":""}],"objectId":"133195","subObjectId":"-1"},{"fields":[{"language":"zh","value":"金额（元）"},{"language":"en","value":"Costs"},{"language":"ja","value":""}],"objectId":"133196","subObjectId":"-1"},{"fields":[{"language":"zh","value":"发票"},{"language":"en","value":"Receipts submitted?"},{"language":"ja","value":""}],"objectId":"133197","subObjectId":"-1"},{"fields":[{"language":"zh","value":"有"},{"language":"en","value":"Yes"},{"language":"ja","value":""}],"objectId":"133197","subObjectId":"133186"},{"fields":[{"language":"zh","value":"申请人"},{"language":"en","value":"Applicant"},{"language":"ja","value":""}],"objectId":"133200","subObjectId":"-1"},{"fields":[{"language":"zh","value":"上司"},{"language":"en","value":"Supervisor"},{"language":"ja","value":""}],"objectId":"133201","subObjectId":"-1"},{"fields":[{"language":"zh","value":"出差开始日"},{"language":"en","value":"Departure Date"},{"language":"ja","value":""}],"objectId":"133203","subObjectId":"-1"},{"fields":[{"language":"zh","value":"出差结束日"},{"language":"en","value":"Return Date"},{"language":"ja","value":""}],"objectId":"133204","subObjectId":"-1"},{"fields":[{"language":"zh","value":"地区"},{"language":"en","value":"Region"},{"language":"ja","value":""}],"objectId":"133205","subObjectId":"-1"},{"fields":[{"language":"zh","value":"首都圈"},{"language":"en","value":"Greater Tokyo Area"},{"language":"ja","value":""}],"objectId":"133205","subObjectId":"133167"},{"fields":[{"language":"zh","value":"关东（首都圈以外）"},{"language":"en","value":"Kanto (Outside Tokyo Area)"},{"language":"ja","value":""}],"objectId":"133205","subObjectId":"133168"},{"fields":[{"language":"zh","value":"关西"},{"language":"en","value":"Kansai"},{"language":"ja","value":""}],"objectId":"133205","subObjectId":"133169"},{"fields":[{"language":"zh","value":"东海"},{"language":"en","value":"Tokai"},{"language":"ja","value":""}],"objectId":"133205","subObjectId":"133170"},{"fields":[{"language":"zh","value":"东北"},{"language":"en","value":"Tohoku"},{"language":"ja","value":""}],"objectId":"133205","subObjectId":"133171"},{"fields":[{"language":"zh","value":"中部・北路"},{"language":"en","value":"Chuubu"},{"language":"ja","value":""}],"objectId":"133205","subObjectId":"133172"},{"fields":[{"language":"zh","value":"海外"},{"language":"en","value":"Overseas"},{"language":"ja","value":""}],"objectId":"133205","subObjectId":"133244"},{"fields":[{"language":"zh","value":"其他"},{"language":"en","value":"Other"},{"language":"ja","value":""}],"objectId":"133205","subObjectId":"133173"},{"fields":[{"language":"zh","value":"目的地"},{"language":"en","value":"Destination"},{"language":"ja","value":""}],"objectId":"133206","subObjectId":"-1"},{"fields":[{"language":"zh","value":"目的"},{"language":"en","value":"Purpose"},{"language":"ja","value":""}],"objectId":"133207","subObjectId":"-1"},{"fields":[{"language":"zh","value":"补贴"},{"language":"en","value":"Daily Allowance"},{"language":"ja","value":""}],"objectId":"133208","subObjectId":"-1"},{"fields":[{"language":"zh","value":"旅费合计"},{"language":"en","value":"Total Travel Expenses"},{"language":"ja","value":""}],"objectId":"133209","subObjectId":"-1"},{"fields":[{"language":"zh","value":"经费合计"},{"language":"en","value":"Total Misc. Expenses"},{"language":"ja","value":""}],"objectId":"133210","subObjectId":"-1"},{"fields":[{"language":"zh","value":"报销金额"},{"language":"en","value":"Total Expenses"},{"language":"ja","value":""}],"objectId":"133211","subObjectId":"-1"},{"fields":[{"language":"zh","value":"备注"},{"language":"en","value":"Notes"},{"language":"ja","value":""}],"objectId":"133214","subObjectId":"-1"}],"type":"FieldLabel"},{"rows":[{"fields":[{"language":"zh","value":"（全部）"},{"language":"en","value":"(All)"},{"language":"ja","value":""}],"objectId":"20","subObjectId":"-1"},{"fields":[{"language":"zh","value":"一览"},{"language":"en","value":"Summary"},{"language":"ja","value":""}],"objectId":"133216","subObjectId":"-1"},{"fields":[{"language":"zh","value":"（我的工作）"},{"language":"en","value":"(Assigned to Me)"},{"language":"ja","value":""}],"objectId":"133237","subObjectId":"-1"},{"fields":[{"language":"zh","value":"会计用一览"},{"language":"en","value":"Accounting Summary"},{"language":"ja","value":""}],"objectId":"133239","subObjectId":"-1"}],"type":"ViewName"},{"rows":[{"fields":[{"language":"zh","value":"未处理"},{"language":"en","value":"Unprocessed"},{"language":"ja","value":""}],"objectId":"133217","subObjectId":"-1"},{"fields":[{"language":"zh","value":"审批中"},{"language":"en","value":"Submitted"},{"language":"ja","value":""}],"objectId":"133218","subObjectId":"-1"},{"fields":[{"language":"zh","value":"已同意"},{"language":"en","value":"Approved"},{"language":"ja","value":""}],"objectId":"133219","subObjectId":"-1"},{"fields":[{"language":"zh","value":"已驳回"},{"language":"en","value":"Denied"},{"language":"ja","value":""}],"objectId":"133220","subObjectId":"-1"},{"fields":[{"language":"zh","value":"已确认"},{"language":"en","value":"Confirmed"},{"language":"ja","value":""}],"objectId":"133221","subObjectId":"-1"},{"fields":[{"language":"zh","value":"报销"},{"language":"en","value":"Adjusted"},{"language":"ja","value":""}],"objectId":"133222","subObjectId":"-1"},{"fields":[{"language":"zh","value":"完成"},{"language":"en","value":"Complete"},{"language":"ja","value":""}],"objectId":"133235","subObjectId":"-1"}],"type":"StatusState"},{"rows":[{"fields":[{"language":"zh","value":"提交"},{"language":"en","value":"Submit"},{"language":"ja","value":""}],"objectId":"133229","subObjectId":"-1"},{"fields":[{"language":"zh","value":"同意"},{"language":"en","value":"Approve"},{"language":"ja","value":""}],"objectId":"133230","subObjectId":"-1"},{"fields":[{"language":"zh","value":"驳回"},{"language":"en","value":"Dismiss"},{"language":"ja","value":""}],"objectId":"133231","subObjectId":"-1"},{"fields":[{"language":"zh","value":"会计承认"},{"language":"en","value":"Confirm Accounting"},{"language":"ja","value":""}],"objectId":"133232","subObjectId":"-1"},{"fields":[{"language":"zh","value":"报销"},{"language":"en","value":"Adjust"},{"language":"ja","value":""}],"objectId":"133233","subObjectId":"-1"},{"fields":[{"language":"zh","value":"完成"},{"language":"en","value":"Complete"},{"language":"ja","value":""}],"objectId":"133234","subObjectId":"-1"}],"type":"StatusAction"},{"rows":[{"fields":[{"language":"zh","value":"申请者别统计"},{"language":"en","value":"Applicant Cross Tabulation"},{"language":"ja","value":""}],"objectId":"133241","subObjectId":"-1"},{"fields":[{"language":"zh","value":"补贴和报销金额"},{"language":"en","value":"Daily Allowance and Adjusted Amount"},{"language":"ja","value":""}],"objectId":"133243","subObjectId":"-1"}],"type":"ReportName"}]},"schema":{"groups":[{"childLocalId":"133203","vtComponentLocalId":"133202"},{"childLocalId":"133204","vtComponentLocalId":"133202"},{"childLocalId":"133205","vtComponentLocalId":"133202"},{"childLocalId":"133206","vtComponentLocalId":"133202"},{"childLocalId":"133207","vtComponentLocalId":"133202"},{"childLocalId":"133208","vtComponentLocalId":"133202"}],"revision":null,"subTable":{"133198":{"fieldList":{"133187":{"id":"133187","label":"日付","properties":{"defaultExpression":"NOW","defaultValue":null,"noLabel":"false","required":"false","unique":"false"},"type":"DATE","var":"旅費日付"},"133188":{"id":"133188","label":"手段","properties":{"defaultValue":"133174","noLabel":"false","options":[{"id":"133174","label":"電車","valid":true},{"id":"133175","label":"バス","valid":true},{"id":"133176","label":"タクシー","valid":true},{"id":"133177","label":"飛行機","valid":true},{"id":"133178","label":"船舶","valid":true},{"id":"133179","label":"宿泊","valid":true}],"required":"false"},"type":"SINGLE_SELECT","var":"手段"},"133189":{"id":"133189","label":"摘要","properties":{"defaultValue":"","expression":"","hideExpression":"false","max":null,"min":null,"noLabel":"false","required":"false","unique":"false"},"type":"SINGLE_LINE_TEXT","var":"旅費摘要"},"133190":{"id":"133190","label":"金額（円）","properties":{"defaultValue":"0","digit":"true","displayScale":null,"max":null,"min":null,"noLabel":"false","required":"false","roundingMode":null,"scale":null,"unique":"false","unit":"","unitPosition":"BEFORE"},"type":"DECIMAL","var":"旅費金額"},"133191":{"id":"133191","label":"領収書","properties":{"defaultValue":[],"noLabel":"false","options":[{"id":"133180","label":"あり","valid":true}],"required":"false"},"type":"MULTIPLE_CHECK","var":"旅費領収書"}},"id":"133198","label":"旅費","var":"旅費"},"133199":{"fieldList":{"133192":{"id":"133192","label":"日付","properties":{"defaultExpression":"NOW","defaultValue":null,"noLabel":"false","required":"false","unique":"false"},"type":"DATE","var":"経費日付"},"133193":{"id":"133193","label":"科目","properties":{"defaultValue":null,"noLabel":"false","options":[{"id":"133181","label":"会議費","valid":true},{"id":"133182","label":"交際費","valid":true},{"id":"133183","label":"消耗品費","valid":true},{"id":"133185","label":"旅費交通費","valid":true},{"id":"133212","label":"広告宣伝費","valid":true},{"id":"133184","label":"雑費","valid":true}],"required":"false"},"type":"SINGLE_SELECT","var":"科目"},"133194":{"id":"133194","label":"支払先","properties":{"defaultValue":"","expression":"","hideExpression":"false","max":null,"min":null,"noLabel":"false","required":"false","unique":"false"},"type":"SINGLE_LINE_TEXT","var":"支払先"},"133195":{"id":"133195","label":"摘要","properties":{"defaultValue":"","expression":"","hideExpression":"false","max":null,"min":null,"noLabel":"false","required":"false","unique":"false"},"type":"SINGLE_LINE_TEXT","var":"経費摘要"},"133196":{"id":"133196","label":"金額（円）","properties":{"defaultValue":"0","digit":"true","displayScale":null,"max":null,"min":null,"noLabel":"false","required":"false","roundingMode":null,"scale":null,"unique":"false","unit":"","unitPosition":"BEFORE"},"type":"DECIMAL","var":"経費金額"},"133197":{"id":"133197","label":"領収書","properties":{"defaultValue":[],"noLabel":"false","options":[{"id":"133186","label":"あり","valid":true}],"required":"false"},"type":"MULTIPLE_CHECK","var":"経費領収書"}},"id":"133199","label":"経費","var":"経費"}},"table":{"fieldList":{"133159":{"id":"133159","label":"レコード番号","properties":{"noLabel":"false","required":"true"},"type":"RECORD_ID","var":"レコード番号"},"133160":{"id":"133160","label":"更新者","properties":{"noLabel":"false","required":"true"},"type":"MODIFIER","var":"更新者"},"133161":{"id":"133161","label":"作成者","properties":{"noLabel":"false","required":"true"},"type":"CREATOR","var":"作成者"},"133162":{"id":"133162","label":"更新日時","properties":{"noLabel":"false","required":"true"},"type":"MODIFIED_AT","var":"更新日時"},"133163":{"id":"133163","label":"作成日時","properties":{"noLabel":"false","required":"true"},"type":"CREATED_AT","var":"作成日時"},"133164":{"id":"133164","label":"ステータス","properties":{"noLabel":"false","required":"false"},"type":"STATUS","var":"ステータス"},"133165":{"id":"133165","label":"作業者","properties":{"noLabel":"false","required":"false"},"type":"STATUS_ASSIGNEE","var":"作業者"},"133166":{"id":"133166","label":"カテゴリー","properties":{"noLabel":"false","required":"false"},"type":"CATEGORY","var":"カテゴリー"},"133200":{"id":"133200","label":"申請者","properties":{"defaultEntities":[],"defaultSelect":[],"entities":[],"noLabel":"false","required":"true","select":[]},"type":"USER_SELECT","var":"申請者"},"133201":{"id":"133201","label":"上長","properties":{"defaultEntities":[],"defaultSelect":[],"entities":[],"noLabel":"false","required":"true","select":[]},"type":"USER_SELECT","var":"上長"},"133202":{"id":"133202","label":"グループ","properties":{"noLabel":"true","open":"true","required":"false"},"type":"GROUP","var":"グループ"},"133203":{"id":"133203","label":"期間（出発）","properties":{"defaultExpression":"NOW","defaultValue":null,"noLabel":"false","required":"false","unique":"false"},"type":"DATE","var":"出発"},"133204":{"id":"133204","label":"期間（帰着）","properties":{"defaultExpression":"NOW","defaultValue":null,"noLabel":"false","required":"false","unique":"false"},"type":"DATE","var":"帰着"},"133205":{"id":"133205","label":"地域","properties":{"defaultValue":"133167","noLabel":"false","options":[{"id":"133167","label":"首都圏","valid":true},{"id":"133168","label":"関東（首都圏以外）","valid":true},{"id":"133169","label":"関西","valid":true},{"id":"133170","label":"東海","valid":true},{"id":"133171","label":"東北","valid":true},{"id":"133172","label":"中部・北陸","valid":true},{"id":"133244","label":"海外","valid":true},{"id":"133173","label":"その他","valid":true}],"required":"false"},"type":"SINGLE_SELECT","var":"地域"},"133206":{"id":"133206","label":"行き先","properties":{"defaultValue":"","expression":"","hideExpression":"false","max":null,"min":null,"noLabel":"false","required":"false","unique":"false"},"type":"SINGLE_LINE_TEXT","var":"行き先"},"133207":{"id":"133207","label":"目的","properties":{"defaultValue":"","expression":"","hideExpression":"false","max":null,"min":null,"noLabel":"false","required":"false","unique":"false"},"type":"SINGLE_LINE_TEXT","var":"目的"},"133208":{"id":"133208","label":"日当","properties":{"defaultValue":"0","digit":"true","displayScale":null,"max":null,"min":null,"noLabel":"false","required":"false","roundingMode":null,"scale":null,"unique":"false","unit":"","unitPosition":"BEFORE"},"type":"DECIMAL","var":"日当"},"133209":{"id":"133209","label":"旅費合計","properties":{"displayScale":null,"expression":"SUM(旅費金額)","format":"NUMBER_DIGIT","hideExpression":"false","noLabel":"true","required":"false","roundingMode":null,"scale":null,"unit":"","unitPosition":"BEFORE"},"type":"CALC","var":"旅費合計"},"133210":{"id":"133210","label":"経費合計","properties":{"displayScale":null,"expression":"SUM(経費金額)","format":"NUMBER_DIGIT","hideExpression":"false","noLabel":"true","required":"false","roundingMode":null,"scale":null,"unit":"","unitPosition":"BEFORE"},"type":"CALC","var":"経費合計"},"133211":{"id":"133211","label":"精算金額","properties":{"displayScale":null,"expression":"旅費合計\u002B経費合計","format":"NUMBER_DIGIT","hideExpression":"false","noLabel":"true","required":"false","roundingMode":null,"scale":null,"unit":"","unitPosition":"BEFORE"},"type":"CALC","var":"精算金額"},"133214":{"id":"133214","label":"備考","properties":{"defaultValue":"","noLabel":"false","required":"false"},"type":"MULTIPLE_LINE_TEXT","var":"備考"}},"id":"1","label":"__ROOT__","var":"__ROOT__"}},"status":{"actions":[{"app":null,"assignees":[],"filter":"133223","from":"133217","fromLabel":null,"id":"133229","label":"申請","record":null,"revision":null,"to":"133218","toApprovalType":null,"toLabel":null},{"app":null,"assignees":[],"filter":"133224","from":"133218","fromLabel":null,"id":"133230","label":"承認","record":null,"revision":null,"to":"133219","toApprovalType":null,"toLabel":null},{"app":null,"assignees":[],"filter":"133225","from":"133218","fromLabel":null,"id":"133231","label":"却下","record":null,"revision":null,"to":"133220","toApprovalType":null,"toLabel":null},{"app":null,"assignees":[],"filter":"133226","from":"133219","fromLabel":null,"id":"133232","label":"経理確認","record":null,"revision":null,"to":"133221","toApprovalType":null,"toLabel":null},{"app":null,"assignees":[],"filter":"133227","from":"133221","fromLabel":null,"id":"133233","label":"精算","record":null,"revision":null,"to":"133222","toApprovalType":null,"toLabel":null},{"app":null,"assignees":[],"filter":"133228","from":"133222","fromLabel":null,"id":"133234","label":"完了","record":null,"revision":null,"to":"133235","toApprovalType":null,"toLabel":null}],"filters":[{"condition":"","id":"133223","state":"133217"},{"condition":"","id":"133224","state":"133218"},{"condition":"","id":"133225","state":"133218"},{"condition":"","id":"133226","state":"133219"},{"condition":"","id":"133227","state":"133221"},{"condition":"","id":"133228","state":"133222"}],"initialStateId":"133217","states":[{"approvalType":"ONE","assignees":[{"entityId":"133161","entityName":"作成者","entityType":"FIELD_ENTITY","includeSubs":"false"}],"id":"133217","initial":true,"label":"未処理","valid":true},{"approvalType":"ONE","assignees":[{"entityId":"133201","entityName":"上長","entityType":"FIELD_ENTITY","includeSubs":"false"}],"id":"133218","initial":false,"label":"申請中","valid":true},{"approvalType":"ONE","assignees":[],"id":"133219","initial":false,"label":"承認","valid":true},{"approvalType":"ONE","assignees":[],"id":"133220","initial":false,"label":"却下","valid":true},{"approvalType":"ONE","assignees":[],"id":"133221","initial":false,"label":"確認","valid":true},{"approvalType":"ONE","assignees":[],"id":"133222","initial":false,"label":"精算","valid":true},{"approvalType":"ONE","assignees":[],"id":"133235","initial":false,"label":"完了","valid":true}],"useStatus":"true"},"uuid":"3f38b274-63ff-4d41-9fbb-70cf884c9ef9","views":[{"advancedMode":"false","builtinType":null,"device":null,"fields":[{"row":[{"id":"133164"},{"id":"133200"},{"id":"133201"},{"id":"133206"},{"id":"133207"},{"id":"133198"},{"id":"133199"},{"id":"133211"}]}],"filter":{"category":null,"offset":null,"order":["DESC"],"q":null,"size":null,"sort":["f133163"]},"html":null,"keyFieldId":null,"name":"一覧","pager":null,"revision":null,"titleFieldId":null,"view":"133216","viewType":"LIST"},{"advancedMode":"false","builtinType":null,"device":null,"fields":[{"row":[{"id":"133164"},{"id":"133200"},{"id":"133201"},{"id":"133203"},{"id":"133204"},{"id":"133208"},{"id":"133199"},{"id":"133210"},{"id":"133198"},{"id":"133209"},{"id":"133211"}]}],"filter":{"category":null,"offset":null,"order":["DESC"],"q":null,"size":null,"sort":["f133163"]},"html":null,"keyFieldId":null,"name":"経理用一覧","pager":null,"revision":null,"titleFieldId":null,"view":"133239","viewType":"LIST"},{"advancedMode":"false","builtinType":"ASSIGN","device":null,"fields":[{"row":[{"id":"133200"},{"id":"133201"},{"id":"133164"},{"id":"133203"},{"id":"133204"},{"id":"133205"},{"id":"133206"},{"id":"133207"},{"id":"133208"},{"id":"133209"},{"id":"133210"},{"id":"133211"}]}],"filter":{"category":null,"offset":null,"order":["DESC"],"q":"f133165 in (LOGINUSER())","size":null,"sort":["f133159"]},"html":null,"keyFieldId":null,"name":"（作業者が自分）","pager":null,"revision":null,"titleFieldId":null,"view":"133237","viewType":"LIST"},{"advancedMode":null,"builtinType":"ALL","device":null,"fields":[{"row":[{"id":"133159"},{"id":"133200"},{"id":"133201"},{"id":"133203"},{"id":"133204"},{"id":"133205"},{"id":"133206"},{"id":"133207"},{"id":"133208"},{"id":"133209"},{"id":"133210"},{"id":"133211"},{"id":"133214"},{"id":"133164"},{"id":"133165"}]}],"filter":{"category":null,"offset":null,"order":[],"q":null,"size":null,"sort":[]},"html":null,"keyFieldId":null,"name":"（すべて）","pager":null,"revision":null,"titleFieldId":null,"view":"20","viewType":"LIST"}]}],"description":"","iconKey":"20190516083400E76AFD8DD281418FAF8145767EB06004229","iconMeta":{"internalName":null,"mime":"image/png","name":"appMap[1].png"},"iconSrcAppId":"49e2c4a0-3a89-40b5-b359-ebd1acf59e35","iconType":"BLOB","imagesMeta":[],"lookups":[],"name":"出張&旅費精算アプリテンプレ","references":[],"version":"25"}